"id","bulan","npp"
1,Dec-2023,763144.808393831
2,Jan-2024,785746.838132712
3,Feb-2024,806498.095601169
4,Mar-2024,829184.672469452
5,Apr-2024,850630.422753274
6,May-2024,874535.645607282
7,Jun-2024,899153.226876199
8,Jul-2024,925761.463189846
9,Aug-2024,950802.497611347
10,Sep-2024,978393.180478464
11,Oct-2024,994330.959986159
12,Nov-2024,1020760.494811136
13,Dec-2024,1048636.575649595
